hour,ADCB Bikeshare | ADIA HQ,ADCB Bikeshare | ARG Gate 13,ADCB Bikeshare | ARG Gate 18,ADCB Bikeshare | Al Ain Tower,ADCB Bikeshare | Al Amanah Khalidiya,ADCB Bikeshare | Al Aryam Tower,ADCB Bikeshare | Al Bandar,ADCB Bikeshare | Al Muneera North,ADCB Bikeshare | Al Muneera South,ADCB Bikeshare | Al Yousuf Center,ADCB Bikeshare | Al Zeina,ADCB Bikeshare | Arc Tower,ADCB Bikeshare | Capital Plaza,ADCB Bikeshare | City of Lights,ADCB Bikeshare | Corniche East,ADCB Bikeshare | Corniche Plaza,ADCB Bikeshare | Ferrari World,ADCB Bikeshare | Gardens Plaza,ADCB Bikeshare | Gate Tower,ADCB Bikeshare | Golf Gardens,ADCB Bikeshare | Hamdan - Salam,ADCB Bikeshare | Irena HQ,ADCB Bikeshare | Louvre,ADCB Bikeshare | Louvre Boulevard,ADCB Bikeshare | Marasy,ADCB Bikeshare | Marina Mall Signal,ADCB Bikeshare | Masdar City,ADCB Bikeshare | NYU East,ADCB Bikeshare | NYU West,ADCB Bikeshare | Nation Towers,ADCB Bikeshare | Paragon Bay Mall,ADCB Bikeshare | Rayhaan Rotana,ADCB Bikeshare | Rosewood Hotel,ADCB Bikeshare | SBV 14,ADCB Bikeshare | Saadiyat Beach,ADCB Bikeshare | Saadiyat Beach Club,ADCB Bikeshare | Saadiyat Beach Golf Club,ADCB Bikeshare | Saadiyat Beach Residences,ADCB Bikeshare | Siemens Building,ADCB Bikeshare | Sky Tower,ADCB Bikeshare | St. Regis,ADCB Bikeshare | United Square,ADCB Bikeshare | WTC,ADCB Bikeshare | Yas Beach Station,ADCB Bikeshare | Yas Links,ADCB Bikeshare | Yas Marina,ADCB Bikeshare | Yas Plaza,ADCB Bikeshare | Yas Viceroy,ADCB Bikeshare | Yas Waterworld,ARbike | Baldaccio,ARbike | Bucciarelli,ARbike | Giotto,ARbike | Mecenate,ARbike | Ospedale,ARbike | Sant'Agostino,ARbike | Stazione Bus,ARbike | Stazione Ferroviaria,ARbike | Tribunale,Alba | 01. Stazione FF.SS.,Alba | 02. Savona,Alba | 03. Savona 2,Alba | 04. Municipio,Alba | 05. Medford,Alba | 06. Piave,Alba | 07. Langhe,Alba | 08. S. Barbara,Alba | 09. Ferrero,Andria in Bici | Caduti sul lavoro,Andria in Bici | Cimitero,Andria in Bici | Garibaldi,Andria in Bici | Ipercoop,Andria in Bici | Marconi,Andria in Bici | Municipio,Andria in Bici | Roma,Andria in Bici | Santa Maria Vetere,Andria in Bici | Stadio,Andria in Bici | Stazione Ferroviaria,Andria in Bici | Verdi,Andria in Bici | Vittor Pisani,ArborBike | Murfin & Hubbard,Arriva | Autobusov√° stanica,Arriva | Chrenovsk√Ω most,Arriva | Mestsk√Ω Park,Arriva | SP√ö ≈†D Mlados≈•,Arriva | Sv√§toplukovo n√°mestie,Arriva | Tr. Andreja Hlinku - Centro Nitra,Arriva | ≈Ωupn√© n√°mestie,Ascoli Piceno | De Gasperi,Ascoli Piceno | Federici,Ascoli Piceno | Roma,Ascoli Piceno | Romana,Ascoli Piceno | Stazione,AthensBikes | Athens - Technopolis,Atrakcje turystyczne Tychowo | Dworek w Buk√≥wku,Atrakcje turystyczne Tychowo | G≈Çaz narzutowy ‚ÄûTryg≈Çaw‚Äù,Atrakcje turystyczne Tychowo | Ko≈õci√≥≈Ç Matki Bo≈ºej Wspomo≈ºenia Wiernych,Atrakcje turystyczne Tychowo | Ko≈õci√≥≈Ç Niepokalanego poczƒôcia Naj≈õwiƒôtszej Maryi Panny,Atrakcje turystyczne Tychowo | Ko≈õci√≥≈Ç Podwy≈ºszenia Krzy≈ºa,Atrakcje turystyczne Tychowo | Ko≈õci√≥≈Ç matki Bo≈ºej Szkaplerznej,Atrakcje turystyczne Tychowo | Ko≈õci√≥≈Ç ≈õw. Antoniego,Atrakcje turystyczne Tychowo | Ko≈õci√≥≈Ç ≈õw. Jana Chrzciciela,Atrakcje turystyczne Tychowo | Ko≈õci√≥≈Ç ≈õw. Jana Kantego,Atrakcje turystyczne Tychowo | Ko≈õci√≥≈Ç ≈õw. Stanis≈Çawa Kostki,Atrakcje turystyczne Tychowo | Ko≈õci√≥≈Ç ≈õw. Szczepana,Atrakcje turystyczne Tychowo | Muzeum Zimnej Wojny,Atrakcje turystyczne Tychowo | Pa≈Çac vol Kleist,Atrakcje turystyczne Tychowo | Pa≈Çac w Buk√≥wku,Atrakcje turystyczne Tychowo | Pa≈Çac w Dobrowie,Atrakcje turystyczne Tychowo | Pa≈Çac w Kikowie,Atrakcje turystyczne Tychowo | Pomnik Je≈Ñc√≥w Alianckich,Atrakcje turystyczne Tychowo | Rezerwat Cisy Tychowskie,Atrakcje turystyczne Tychowo | Stawy Paciorkowe,Atrakcje turystyczne Tychowo | Tulipanowiec Ameryka≈Ñski,Austin B-cycle | 10th/Red River,Austin B-cycle | 11th/Congress @ The Texas Capitol,Austin B-cycle | 11th/Salina,Austin B-cycle | 11th/San Jacinto,Austin B-cycle | 12th/San Jacinto @ State Capitol Visitors Garage,Austin B-cycle | 13th/San Antonio,Austin B-cycle | 17th/Guadalupe,Austin B-cycle | 21st/Guadalupe,Austin B-cycle | 21st/Speedway @ PCL,Austin B-cycle | 21st/University,Austin B-cycle | 22nd/Pearl,Austin B-cycle | 23rd/Rio Grande,Austin B-cycle | 23rd/San Jacinto @ DKR Stadium,Austin B-cycle | 26th/Nueces,Austin B-cycle | 28th/Rio Grande,Austin B-cycle | 2nd/Congress,Austin B-cycle | 2nd/Lavaca @ City Hall,Austin B-cycle | 3rd/Nueces,Austin B-cycle | 3rd/Trinity @ The Convention Center,Austin B-cycle | 3rd/West,Austin B-cycle | 4th/Congress,Austin B-cycle | 5th/Campbell,Austin B-cycle | 5th/Guadalupe @ Republic Square,Austin B-cycle | 6th/Brazos,Austin B-cycle | 6th/Chalmers,Austin B-cycle | 6th/Congress,Austin B-cycle | 6th/Lavaca,Austin B-cycle | 6th/Trinity,Austin B-cycle | 6th/West,Austin B-cycle | 8th/Congress,Austin B-cycle | 8th/Lavaca,Austin B-cycle | 8th/Red River,Austin B-cycle | 8th/San Jacinto,Austin B-cycle | 9th/Henderson,Austin B-cycle | Barton Springs Pool,Austin B-cycle | Barton Springs/Bouldin @ Palmer Auditorium,Austin B-cycle | Barton Springs/Kinney,Austin B-cycle | Boardwalk West,Austin B-cycle | Cesar Chavez/Congress,Austin B-cycle | Dean Keeton/Speedway,Austin B-cycle | Dean Keeton/Whitis,Austin B-cycle | East 11th/San Marcos,Austin B-cycle | East 11th/Victory Grill,Austin B-cycle | East 2nd/Pedernales,Austin B-cycle | East 4th/Chicon,Austin B-cycle | East 5th/Broadway @ Capital Metro HQ,Austin B-cycle | East 6th/Medina,Austin B-cycle | East 6th/Pedernales,Austin B-cycle | East 6th/Robert T. Martinez,Austin B-cycle | Electric Drive/Sandra Muraida Way @ Pfluger Ped Bridge,Austin B-cycle | Guadalupe/West Mall @ University Co-op,Austin B-cycle | Hollow Creek/Barton Hills,Austin B-cycle | Lake Austin Blvd/Deep Eddy,Austin B-cycle | Lake Austin/Enfield,Austin B-cycle | Lakeshore/Austin Hostel,Austin B-cycle | Lakeshore/Pleasant Valley,Austin B-cycle | Nash Hernandez/East @ RBJ South,Austin B-cycle | Plaza Saltillo,Austin B-cycle | Rainey/Cummings,Austin B-cycle | Rainey/Davis,Austin B-cycle | Red River/Cesar Chavez @ The Fairmont,Austin B-cycle | Riverside/South Lamar,Austin B-cycle | Rosewood/Angelina,Austin B-cycle | Rosewood/Chicon,Austin B-cycle | South 1st/Riverside @ Long Center,Austin B-cycle | South Congress @ Bouldin Creek,Austin B-cycle | South Congress/Academy,Austin B-cycle | South Congress/Barton Springs @ The Austin American-Statesman,Austin B-cycle | South Congress/James,Austin B-cycle | Sterzing/Barton Springs,Austin B-cycle | Veterans/Atlanta @ MoPac Ped Bridge,Austin B-cycle | Zilker Park,B-cycle | 10th & Main,B-cycle | 10th & Washington,B-cycle | 12th & Wyandotte,B-cycle | 12th and Oak,B-cycle | 13th & Grand,B-cycle | 13th & Locust,B-cycle | 18th & Oak,B-cycle | 18th & Swift,B-cycle | 19th & Wyandotte,B-cycle | 20th & Grand,B-cycle | 29th & Swift,B-cycle | 39th & Roanoke,B-cycle | 39th & State Line,B-cycle | 3rd & Grand,B-cycle | 40th & Broadway,B-cycle | 47th & JC Nichols Pkwy.,B-cycle | 4th & Delaware,B-cycle | 4th & Wyandotte,B-cycle | 51st & Holmes (UMKC),B-cycle | 8th & Broadway,B-cycle | Armour & Main,B-cycle | Armour and Iron,B-cycle | Boulevard Brewing Co.,B-cycle | Brookside Shops,B-cycle | Brookside51,B-cycle | Buttonwood at Union Hill,B-cycle | Crown Center,B-cycle | E. Gorham & N. Brearly,B-cycle | E. Gorham @ James Madison Park,B-cycle | E. Washington & N. Webster,B-cycle | Eastwood & Division,B-cycle | Goodman Community Center,B-cycle | Gregory and Wornall,B-cycle | Hawthorne Ct & State Street,B-cycle | Ian's Pizza on State,B-cycle | Jazz District,B-cycle | John Nolen & Law Park,B-cycle | Kansas City Art Institute,B-cycle | Kauffman Foundation,B-cycle | Langdon St. & N. Lake St.,B-cycle | Library Mall,B-cycle | Longview Lake,B-cycle | MLK & Main St.,B-cycle | Madison College - Truax Campus,B-cycle | Mansion Hill Inn,B-cycle | Martini Corner,B-cycle | Memorial Union,B-cycle | Monroe & Harrison,B-cycle | N. Lake St. @ University Ave.,B-cycle | N. Park & Spring St.,B-cycle | N. Shore @ Brittingham Park,B-cycle | N. Thornton @ Tenney Park,B-cycle | N. Webster & E. Mifflin,B-cycle | Observatory Dr. @ Natatorium Gym,B-cycle | Observatory Dr. @ UW Hospital,B-cycle | Olbrich Biergarten,B-cycle | Olbrich Gardens,B-cycle | Philosopher's Grove,B-cycle | Plaza 209,B-cycle | S. Breese @ Camp Randall,B-cycle | S. Few & Williamson,B-cycle | S. Hamilton & S. Carroll St.,B-cycle | Sheraton Hotel,B-cycle | State St. & N. Frances,B-cycle | The Nelson-Atkins Museum of Art,B-cycle | UW Children's Hospital,B-cycle | UW Credit Union,B-cycle | UW Digestive Health Center,B-cycle | Union South,B-cycle | Union Station,B-cycle | University & Bassett,B-cycle | University St. & Charter St.,B-cycle | University Station Clinic,B-cycle | Vilas Park @ Arboretum,B-cycle | W. Gilman @ Peace Park,B-cycle | W. Mifflin @ Central Library,B-cycle | W. Washington & Regent St.,B-cycle | W. Wilson & MLK,B-cycle | Waldo,B-cycle | Ward Parkway & Broadway,B-cycle | Westport & Main,B-cycle | Westport Sunfresh,B-cycle | Williamson St @ Jenifer St.,B-cycle | Wisconsin & E. Mifflin,B-cycle | Wonder Building,BBBike | 1. Plac Ratuszowy,BBBike | 10. Sp√≥≈Çdzielc√≥w,BBBike | 11. ≈Åagodna - Z≈Çote ≈Åany,BBBike | 12. Sosnkowskiego - Basen,BBBike | 13. ≈öw. J. Chrzciciela,BBBike | 14. Gra≈ºy≈Ñskiego/Kwiatkowskiego,BBBike | 15. Mostowa (SFERA),BBBike | 16. Lenartowicza/Jutrzenki,BBBike | 17. Bora-Komorowskiego (Gemini),BBBike | 18. G√≥rska - Bulwary Strace≈Ñskie,BBBike | 19. Boboli - Szpital Wojew√≥dzki,BBBike | 2. Dworzec PKS,BBBike | 20. Lotnicza/Szarotki,BBBike | 21. Go≈õcinna/Kolista,BBBike | 22. Karbowa/Armii Krajowej,BBBike | 23. Zwardo≈Ñska - Lotnisko,BBBike | 24. Jaworza≈Ñska - Stadion,BBBike | 3. Plac Miko≈Çaja,BBBike | 4. Piastowska (Starostwo Powiatowe),BBBike | 5. Cyga≈Ñski Las,BBBike | 6. ATH,BBBike | 7. Konopnickiej - Basen,BBBike | 8. Partyzant√≥w - Plac Mickiewicza,BBBike | 9. Babiog√≥rska - Pƒôtla,BICI&CO | Cacciatori delle Alpi,BICI&CO | Caserme,BICI&CO | Cavour,BICI&CO | Como Nord Lago,BICI&CO | FN Borghi,BICI&CO | Funicolare,BICI&CO | Municipio,BICI&CO | Pirellino,BICI&CO | RFI San Giovanni,BICI&CO | Sant'Abbondio,BICI&CO | Santa Chiara,BICI&CO | Stadio,BICI&CO | Tavernola,BICI&CO | Universita`,BICI&CO | Villa Olmo,BICI&CO | Vittoria,BIKER Bia≈Çystok - Orlen | PKN Orlen - 1000-Lecia PP,BIKER Bia≈Çystok - Orlen | PKN Orlen - Baranowicka,BIKER Bia≈Çystok - Orlen | PKN Orlen - Gen. Maczka,BIKER Bia≈Çystok - Orlen | PKN Orlen - Kawaleryjska,BIKER Bia≈Çystok - Orlen | PKN Orlen - Ks.Suchowolca,BIKER Bia≈Çystok - Orlen | PKN Orlen - Sikorskiego,BIKER Bia≈Çystok | 42 Pu≈Çku Piechoty / Zacisze Dolist√≥wka,BIKER Bia≈Çystok | Al. Konstytucji 3 Maja / Studzienna,BIKER Bia≈Çystok | Antoniukowska / ≈öwiƒôtokrzyska,BIKER Bia≈Çystok | Armii Krajowej,BIKER Bia≈Çystok | Baranowicka / Za≈õcianki,BIKER Bia≈Çystok | Boh. Monte Cassino / Wyszy≈Ñskiego,BIKER Bia≈Çystok | Bohater√≥w Getta / Pi≈Çsudskiego,BIKER Bia≈Çystok | Branickiego / Mi≈Çosza,BIKER Bia≈Çystok | Branickiego / ≈öwiƒôtoja≈Ñska,BIKER Bia≈Çystok | Che≈Çmo≈Ñskiego / Wa≈Ñkowicza,BIKER Bia≈Çystok | Choroszcz / Plac dr. Zygmunta Brodowicza,BIKER Bia≈Çystok | Chrobrego / Piastowska,BIKER Bia≈Çystok | Dojlidy G√≥rne / Edukacyjna,BIKER Bia≈Çystok | Dolistowska,BIKER Bia≈Çystok | Hallera / Gajowa,BIKER Bia≈Çystok | Ignatki Osiedle / Jod≈Çowa,BIKER Bia≈Çystok | Kaczorowskiego / Wyszy≈Ñskiego,BIKER Bia≈Çystok | Kampus¬†Uniwesytecki,BIKER Bia≈Çystok | Kleosin / Tarasiuka,BIKER Bia≈Çystok | Kolejowa / PKP,BIKER Bia≈Çystok | Komisji Edukacji Narodowej,BIKER Bia≈Çystok | Lipowa / Nowy ≈öwiat,BIKER Bia≈Çystok | Lodowa / Ch≈Çodna,BIKER Bia≈Çystok | Mickiewicza - Podle≈õna,BIKER Bia≈Çystok | Mickiewicza / ≈öwiƒôtoja≈Ñska,BIKER Bia≈Çystok | Mieszka I / Piastowska,BIKER Bia≈Çystok | Nowosielska / Francuska,BIKER Bia≈Çystok | Pi≈Çsudskiego / Pa≈Çacowa,BIKER Bia≈Çystok | Pi≈Çsudskiego / Sienkiewicza,BIKER Bia≈Çystok | Pl.Niepodleg≈Ço≈õci,BIKER Bia≈Çystok | Plac Niezale≈ºnego Zrzeszenia Student√≥w,BIKER Bia≈Çystok | Pla≈ºowa,BIKER Bia≈Çystok | Podle≈õna / Filharmonia,BIKER Bia≈Çystok | Popie≈Çuszki / S≈Çonecznikowa,BIKER Bia≈Çystok | Popie≈Çuszki/ Sikorskiego,BIKER Bia≈Çystok | Produkcyjna / Stra≈ºacka,BIKER Bia≈Çystok | Radzymi≈Ñska / Zagumienna,BIKER Bia≈Çystok | Raginisa / Rycerska,BIKER Bia≈Çystok | Rynek 11 Listopada,BIKER Bia≈Çystok | Rynek Ko≈õciuszki,BIKER Bia≈Çystok | Sienkiewicza / Ryska,BIKER Bia≈Çystok | Sikorskiego / Jana Paw≈Ça II,BIKER Bia≈Çystok | Sikorskiego / Witosa,BIKER Bia≈Çystok | Sk≈Çadowa / Pogodna,BIKER Bia≈Çystok | Sk≈Çodowskiej / Hortex,BIKER Bia≈Çystok | Sok√≥lska,BIKER Bia≈Çystok | Stadion Miejski,BIKER Bia≈Çystok | Swobodna,BIKER Bia≈Çystok | S≈Çonimska / UrzƒÖd Miejski,BIKER Bia≈Çystok | TEST BKM (SMT KE),BIKER Bia≈Çystok | Wasilkowska / rondo,BIKER Bia≈Çystok | Wiejska / Krƒôta,BIKER Bia≈Çystok | Wiejska / Pogodna,BIKER Bia≈Çystok | Zielonog√≥rska / S≈Çonecznikowa,BIKER Bia≈Çystok | Zwierzyniecka / ≈öwierkowa,BIKER Bia≈Çystok | Zwyciƒôstwa / Hetma≈Ñska,BIKER Bia≈Çystok | ≈öwiƒôtego Jerzego / Dubois,BIKER Bia≈Çystok | ≈ªurawia / Wiewi√≥rcza,BIKETOWN | Metro Campus - Community Corral,BIKETOWN | N Burrage at Killingsworth Community Corral,BIKETOWN | N Concord at Killingsworth - Community Corral,BIKETOWN | N Failing at Williams,BIKETOWN | N Interstate at Willamette - Community Corral,BIKETOWN | N Killingsworth at Albina,BIKETOWN | N Killingsworth at Gay - Community Corral,BIKETOWN | N Mason at Williams,BIKETOWN | N Michigan at Killingsworth - Community Corral,BIKETOWN | N Mississippi at Beech,BIKETOWN | N Mississippi at N Skidmore,BIKETOWN | N Morris at Williams,BIKETOWN | N Prescott at Interstate,BIKETOWN | N Russell at Interstate Community Corral,BIKETOWN | N Vancouver at Alberta,BIKETOWN | N Williams at Fremont,BIKETOWN | NE 10th at Halsey -- Community Corral,BIKETOWN | NE 11th at Holladay Park,BIKETOWN | NE 14th Pl at Prescott - Community Corral,BIKETOWN | NE 15th at Broadway,BIKETOWN | NE 17th at Killingsworth - Community Corral,BIKETOWN | NE 22nd at Burnside,BIKETOWN | NE 22nd at Thompson - Community Corral (Irvington Tennis Club),BIKETOWN | NE 28th at Couch - Community Corral,BIKETOWN | NE 28th at Glisan- Community Corral,BIKETOWN | NE 2nd at NE Schuyler,BIKETOWN | NE 30th at Glisan - Community Corral,BIKETOWN | NE 33rd at Emerson - Community Corral,BIKETOWN | NE 33rd at Jarrett (Kennedy School) - Community Corral,BIKETOWN | NE 41st at Sandy Blvd (Hollywood Theatre) Community Corral,BIKETOWN | NE 42nd at Hancock - Community Corral,BIKETOWN | NE 42nd at NE Alberta Court,BIKETOWN | NE 43rd at Sandy,BIKETOWN | NE 48th at Fremont - Community Corral,BIKETOWN | NE 50th at Fremont - Community Corral,BIKETOWN | NE 50th at Sandy,BIKETOWN | NE 60th at Cully,BIKETOWN | NE Alberta at 10th - Community Corral,BIKETOWN | NE Alberta at 14th - Community Corral,BIKETOWN | NE Alberta at 17th - Community Corral,BIKETOWN | NE Alberta at 22nd - Community Corral,BIKETOWN | NE Alberta at 24th - Community Corral,BIKETOWN | NE Alberta at NE 29th/30th - Community Corral,BIKETOWN | NE Broadway at 12th,BIKETOWN | NE Couch at MLK,BIKETOWN | NE Cully at Killingsworth - Community Corral,BIKETOWN | NE Cully at Skidmore - Community Corral,BIKETOWN | NE Fremont at 15th - Community Corral,BIKETOWN | NE Glisan at 24th,BIKETOWN | NE Glisan at 53rd,BIKETOWN | NE Going at Grand,BIKETOWN | NE Holladay at MLK - Community Corral,BIKETOWN | NE Killingsworth at 30th - Community Corral,BIKETOWN | NE MLK at Knott,BIKETOWN | NE Multnomah at 9th,BIKETOWN | NE Multnomah at Grand,BIKETOWN | NE Sandy at 16th,BIKETOWN | NE Wheeler at Multnomah,BIKETOWN | NW 10th at Everett,BIKETOWN | NW 11th at The Fields,BIKETOWN | NW 13th at Marshall,BIKETOWN | NW 18th at Flanders,BIKETOWN | NW 18th at Northrup,BIKETOWN | NW 19th at Johnson,BIKETOWN | NW 20th at Burnside,BIKETOWN | NW 21st at Johnson,BIKETOWN | NW 22nd at Lovejoy,BIKETOWN | NW 23rd at Overton,BIKETOWN | NW 2nd at Everett,BIKETOWN | NW 4th at Couch,BIKETOWN | NW Broadway at Everett,BIKETOWN | NW Couch at 11th,BIKETOWN | NW Everett at 22nd,BIKETOWN | NW Flanders at 14th,BIKETOWN | NW Front at 17th,BIKETOWN | NW Glisan at 21st,BIKETOWN | NW Johnson at Jamison Square,BIKETOWN | NW Kearney at 23rd,BIKETOWN | NW Marshall at Tanner Springs Park,BIKETOWN | NW Naito at Ironside,BIKETOWN | NW Nicolai at Sherlock Community Corral,BIKETOWN | NW Pettygrove at 15th,BIKETOWN | NW Raleigh at 21st,BIKETOWN | NW Station at Irving,BIKETOWN | NW Thurman at 24th,BIKETOWN | SE 14th at Stark,BIKETOWN | SE 28th at Pine - Community Corral,BIKETOWN | SE 29th and Gladstone - Community Corral,BIKETOWN | SE 29th at Belmont,BIKETOWN | SE 29th at Hawthorne,BIKETOWN | SE 29th at Stark,BIKETOWN | SE 2nd Pl at Tilikum Way,BIKETOWN | SE 30th at Division,BIKETOWN | SE 34th at Division,BIKETOWN | SE 34th at Hawthorne,BIKETOWN | SE 37th at Division - Community Corral,BIKETOWN | SE 37th at Gladstone - Community Corral,BIKETOWN | SE 40th at Hawthorne,BIKETOWN | SE 47th at Hawthorne- Community Corral,BIKETOWN | SE 49th at Division - Community Corral,BIKETOWN | SE 50th at Division - Community Corral,BIKETOWN | SE 50th at Hawthorne- Community Corral,BIKETOWN | SE 9th at Belmont,BIKETOWN | SE 9th at Burnside,BIKETOWN | SE 9th at Madison,BIKETOWN | SE Alder at 6th,BIKETOWN | SE Belmont at 20th,BIKETOWN | SE Belmont at 33rd,BIKETOWN | SE Belmont at 42nd,BIKETOWN | SE Belmont at 45th - Community Corral,BIKETOWN | SE Clay at Water,BIKETOWN | SE Clinton at 21st,BIKETOWN | SE Clinton at 26th,BIKETOWN | SE Elliott at Division,BIKETOWN | SE Gideon at 12th Ave MAX station,BIKETOWN | SE Hawthorne at 20th,BIKETOWN | SE Ladd at Hawthorne,BIKETOWN | SE Powell Blvd at 29th Ave - Community Corral,BIKETOWN | SE Taylor at Chavez Community Corral,BIKETOWN | SE Water at Taylor,BIKETOWN | SW 10th at Columbia,BIKETOWN | SW 10th at Harvey Milk,BIKETOWN | SW 12th at Clay,BIKETOWN | SW 18th at Jefferson,BIKETOWN | SW 2nd at Pine,BIKETOWN | SW 3rd at Ankeny,BIKETOWN | SW 3rd at Morrison,BIKETOWN | SW 4th at College,BIKETOWN | SW 4th at Jefferson (City Hall) - Community Corral,BIKETOWN | SW 5th at Main,BIKETOWN | SW 5th at Morrison,BIKETOWN | SW 5th at Oak,BIKETOWN | SW Broadway at Smith Memorial Student Union,BIKETOWN | SW Harrison at 1st,BIKETOWN | SW Harvey Milk at Burnside,BIKETOWN | SW Market at Keller Fountain Park,BIKETOWN | SW Moody at Aerial Tram Terminal,BIKETOWN | SW Moody at Thomas,BIKETOWN | SW Morrison at 18th,BIKETOWN | SW Morrison at Pioneer Courthouse Sq.,BIKETOWN | SW Naito at Ankeny Plaza,BIKETOWN | SW Naito at Morrison,BIKETOWN | SW Park at Portland Art Museum,BIKETOWN | SW Park at SW Wright (Oregon Holocaust Memorial) Community Corral,BIKETOWN | SW Park at W Burnside - Community Corral,BIKETOWN | SW River at Montgomery,BIKETOWN | SW Salmon at Waterfront Park,BIKETOWN | SW Yamhill at Director Park,BIKETOWN | Tilikum West at SW Moody,BIKETOWN | Urban Center Plaza at SW 6th St,BL bike | Aquana,BL bike | Centar - Gradska uprava,BL bike | Obliƒáevo,BL bike | Park Mladen Stojanoviƒá,BL bike | Studenski dom - Venecija most,BRiteBikes | 3001 Bishop Drive,BRiteBikes | BR 11,BRiteBikes | BR 12 North,BRiteBikes | BR 15 North,BRiteBikes | BR 15 South,BRiteBikes | BR 2600 Visitor Lot,BRiteBikes | BR 3 North,BRiteBikes | BR 3 South,BRiteBikes | BR 6,BRiteBikes | BR 7,BRiteBikes | BR 8,BRiteBikes | BR 9,BRiteBikes | BR1,BRiteBikes | San Ramon City Hall,BRiteBikes | San Ramon Marriot,BRiteBikes | San Ramon Permit Center / Police Station,BRiteBikes | Transit Hub,Baksi | 1.Yahya Kaptan Bisiklet Egitim,Baksi | 10. Marina,Baksi | 11. Tren Gari,Baksi | 1118-Ertugrul Gazi Meydani,Baksi | 1161-Hereke Sahil,Baksi | 12. Seka Park Palmiye,Baksi | 13. Seka Park U√ßurtma Tepesi,Baksi | 14. Seka Park 2. Etap,Baksi | 15. Plaj Yolu,Baksi | 16. Yildiz Konutlari,Baksi | 17. Alikahya Merkez,Baksi | 19. Naila 1,Baksi | 2. Yahya Kaptan D-100,Baksi | 20. Naila 2 Karsiyaka Sahil,Baksi | 21.Outlet Center,Baksi | 23. Kongre Sarayi Parki G√∂lc√ºk,Baksi | 24. Degirmendere Sahil,Baksi | 25. Karam√ºrsel Sahil,Baksi | 26. Bekirdere √ú√ßyol Zincirliku,Baksi | 27. Muhsin Yazicioglu Parki,Baksi | 28. Eskihisar Sahil,Baksi | 29. Darica Sahil,Baksi | 3. Kinali Asker Parki,Baksi | 30. 60 Evler Sahil,Baksi | 31. T√ºt√ºn√ßiftlik Sahil,Baksi | 32. Tramvay Terminal,Baksi | 33. K√∂sek√∂y MYO.,Baksi | 4. Demokrasi Kavsagi,Baksi | 5. Dogu Kisla Parki,Baksi | 6. Anit Park,Baksi | 7. Izmit Belediyesi,Baksi | 8. Kocaeli Fuari,Baksi | 9. Mimar Sinan K√∂pr√ºs√º,Baksi | A.A Saygun,Baksi | Alaybey Tersane Cafe,Baksi | Ali √áetinkaya Bulvarƒ±,Baksi | Alsancak Garƒ±,Baksi | Alsancak ƒ∞skele,Baksi | Altinkemer Sahil,Baksi | Atat√ºrk Parkƒ±,Baksi | Bayraklƒ± Nikah Salonu,Baksi | Bayraklƒ± ƒ∞skele,Baksi | Bostanlƒ± Odaƒüƒ±,Baksi | Bostanlƒ± Spor Tesisleri,Baksi | Bostanlƒ± iskele,Baksi | Buz Pisti,Baksi | Cebeci Sahil,Baksi | Cumhuriyet Parki,Baksi | Derek√∂y Sahil,Baksi | Doƒüal Ya≈üam Parkƒ±,Baksi | D√ºden Park,Baksi | Eregli Sahil,Baksi | Fatma Hanim Parki,Baksi | Gebze Kent Meydani,Baksi | Gen√ßlik Merkezi,Baksi | G√∂lc√ºk Denizevler Sahil,Baksi | G√∂lc√ºk Kent Meydani,Baksi | G√∂lkay Park,Baksi | G√∂ztepe K√∂pr√º,Baksi | I≈üƒ±klar,Baksi | KO√ú A Kapi,Baksi | KO√ú B Kapi,Baksi | KO√ú Sosyal Tesis,Baksi | Kandira Kent Meydani,Baksi | Kandira Otogar,Baksi | Kapalƒ± Yol,Baksi | Karantina,Baksi | Karata≈ü,Baksi | Karsiyaka Sahil,Baksi | Kartepe Belediyesi,Baksi | Kar≈üƒ±yaka Evlendirme Dairesi,Baksi | Kar≈üƒ±yaka iskele,Baksi | Konak Metro (1130),Baksi | Konak ƒ∞skele,Baksi | Konyaaltƒ± Meydan,Baksi | Ku≈ü Cenneti,Baksi | K√∂pr√º,Baksi | K√∂rfez Yarimca Sahil,Baksi | Liman,Baksi | Mavi≈ûehir,Baksi | Mavi≈üehir Balƒ±k√ßƒ± Barƒ±naƒüƒ±,Baksi | Mehmed Ali Pasa,Baksi | Meles Rekreasyon Alanƒ±,Baksi | Olbia Meydan,Baksi | Osman Hamdi Bey K√ºlt√ºr Merkezi,Baksi | Pasaport ƒ∞skele,Baksi | Sahilevleri 1,Baksi | Sahilevleri 2,Baksi | Sampi Kav≈üaƒüƒ±,Baksi | Seka Park Otel,Baksi | Susuzdede,Baksi | Varyant,Baksi | Vasƒ±f √áƒ±nar,Baksi | Yunuslar,Baksi | √ú√ßkuyular ƒ∞skelesi,Baksi | ƒ∞nciraltƒ± Kent Ormanƒ±,Baksi | ƒ∞nciraltƒ± Rekreasyon Alanƒ±,Baksi | ƒ∞zban Turan ƒ∞stasyonu,Baksi | ƒ∞zmirim Kart Y√ºkleme Noktasƒ±,Batumvelo | 01 Porti,Batumvelo | 02 Rusuli Skola,Batumvelo | 03 Centraluri,Batumvelo | 04 Shaumiani,Batumvelo | 05 b27,Batumvelo | 06 Universiteti,Batumvelo | 07 Akademia,Batumvelo | 08 b28,Batumvelo | 09 b23,Batumvelo | 10 Axali Bulvari 2,Batumvelo | 11 Aeroporti,Batumvelo | 12 Iusticia,Batumvelo | 13 Mwvane Koncxi,Batumvelo | 14 Geocell,Batumvelo | 15 Anbani,Batumvelo | 16 Parki,Batumvelo | 17 Meria,Batumvelo | 18 1 Mcdonalds,Batumvelo | 19 b14,Batumvelo | 20 Biria,Batumvelo | 21 Piaca,Batumvelo | 22 Benze,BelfastBikes | Alfred Street / St Malachy's Church,BelfastBikes | Allstate,BelfastBikes | Antrim Road / Duncairn Centre,BelfastBikes | Arthur Street / Chichester Street,BelfastBikes | Bankmore Square / Dublin Road,BelfastBikes | Belfast City Hospital,BelfastBikes | Botanic Avenue / Shaftesbury Square,BelfastBikes | Bradbury Place,BelfastBikes | CS Lewis Square,BelfastBikes | Carlisle Circus,BelfastBikes | Carrick Hill/St Patricks Church,BelfastBikes | Castle Place/Royal Avenue,BelfastBikes | Cathedral Gardens / York Street,BelfastBikes | Central Station / Mays Meadow,BelfastBikes | City Hall,BelfastBikes | College Square East,BelfastBikes | Connswater Shopping Centre,BelfastBikes | Corporation Square,BelfastBikes | Cotton Court / Waring Street,BelfastBikes | Donegall Quay,BelfastBikes | Europa Bus Station / Blackstaff Square,BelfastBikes | Falls Road/Twin Spire,BelfastBikes | Gasworks ( Lagan Towpath ),BelfastBikes | Gasworks (Cromac Street),BelfastBikes | Girdwood Community Hub/ Cliftonville Park Avenue,BelfastBikes | Great Victoria Street / Hope Street,BelfastBikes | Grosvenor Road/Servia Street,BelfastBikes | Linenhall Street / Donegall Square South,BelfastBikes | Mater Hospital/Crumlin Road,BelfastBikes | Millfield,BelfastBikes | Odyssey / Sydenham Road,BelfastBikes | Ormeau Park,BelfastBikes | Ormeau Road / Rosetta Roundabout,BelfastBikes | Ormeau Road/Somerset Street,BelfastBikes | Queens University / Botanic Gardens,BelfastBikes | Queens University / University Road,BelfastBikes | Royal Avenue / Castlecourt,BelfastBikes | Royal Victoria Hospital,BelfastBikes | Shankill Leisure Centre/ Shankill Road,BelfastBikes | Skainos,BelfastBikes | St George's Market / Cromac Square,BelfastBikes | Stranmillis Roundabout,BelfastBikes | Titanic Belfast Met,BelfastBikes | Titanic Walkway/Queens Road,BelfastBikes | Victoria Square / Victoria Street,BelfastBikes | Waterfront
7,,,,,,,,,,,,,,,,,,,,,,,,,,,,,,,,,,,,,,,,,,,,,,,,,,,,,,,,,,,,,,,,,,,,,,,,,,,,,,,,,,,,,,,,,,,,,,,,,,,,,,,,,,,,,,,,,,,,,,,,,,,,,,,,,,,,,,,,,,,,,,,,,,,,,,,,,,,,,,,,,,,,,,,,,,,,,,,,,,,,,,,,,,,,,,,,,,,,,,,,,,,,,,,,,,,,,,,,,,,,,,,,,,,,,,,,,,,,,,,,,,,,,,,,,,,,,,,,,,,,,,,,,,,,,,,,,,,,,,,,,,,,,,,,,,,,,,,,,,,,,,,,,,,,,,,,,,,,,,,,,,,,,,,,,,,,,,,,,,,,,,,,,,,,,,,,,,,,,,,,,,,,,,,,,,,,,,,,,,,,,,,,,,,,,,,,,,,,,,,,,,,,,,,,,,,,,,,,,,,,,,,,,,,,,,,,,,,,,,,,,,,,,,,,,,,,,,,,,,,,,,,,,,,,,,,,,,,,,,,,,,,,,,,,,,,,,,,,,,,,,,,,,,,,,,,,,,,,,,,,,,,,,,,,,,,,,,,,,,,,,,,,,,,,,,,,,,,,,,,,,,,,,,,,,,,,,,,,,,,,,,,,,,17,,,,,,,,,,,12,,,,,,,,,15,,,,,,11,,,,,,,,,11,,,,,,,,,11,,,,,3,,,6,,,,,,,,,,,,,,,,,,,,,,,,,,,,,,,,,,,,,,,,,,,,,,,,,,,,,,,,,,,,,,,,,,,,,,,,,,,
8,3,5,5,5,4,7,3,5,5,4,4,2,2,5,5,22,6,5,5,5,7,2,7,0,2,7,5,4,6,1,4,4,5,11,5,5,5,2,6,6,4,5,4,4,3,4,10,6,2,2,4,2,3,0,3,6,0,3,0,0,0,0,0,0,0,0,0,0,0,0,0,0,0,0,0,0,0,0,0,,,,,,,,,0,0,0,0,0,10,,,,,,,,,,,,,,,,,,,,,1,5,6,4,5,2,5,3,14,4,5,6,15,2,3,8,5,9,3,10,4,9,3,9,5,6,3,2,2,0,5,4,7,11,8,8,5,5,8,0,4,3,7,3,5,7,1,4,3,15,0,5,5,5,5,4,3,8,11,11,2,7,7,4,7,5,2,5,3,0,11,5,6,4,4,2,4,4,4,7,7,3,4,1,7,12,5,5,1,7,3,5,2,4,2,3,4,3,4,9,7,0,14,11,8,0,1,5,11,4,6,0,1,8,2,8,7,7,0,3,2,8,8,10,1,5,3,5,11,0,3,8,7,3,15,0,5,1,9,13,1,4,4,10,3,13,4,0,10,2,4,8,2,5,11,0,4,5,4,7,9,8,7,5,2,11,7,5,12,7,12,4,5,10,4,10,11,10,5,10,3,4,2,5,8,1,3,3,3,0,2,4,2,3,3,2,8,,,,,,,,,,,,,,,,,,,,,,,,,,,,,,,,,,,,,,,,,,,,,,,,,,,,,,,,,,,,,,,,,1,1,2,4,1,2,0,1,2,0,3,2,8,0,5,2,2,9,0,3,2,3,1,0,0,2,0,0,1,3,0,3,0,0,0,0,1,0,0,1,1,3,4,3,4,0,2,1,8,3,6,0,0,1,5,6,7,1,6,9,11,1,9,4,9,2,3,5,4,10,10,19,12,3,5,2,15,0,5,9,1,5,5,2,4,6,1,1,2,0,4,2,4,0,3,1,1,1,2,1,0,0,2,4,1,4,5,3,3,0,4,6,5,3,4,5,7,1,2,5,0,1,6,4,6,10,11,0,0,1,13,20,1,2,3,1,2,6,1,8,4,3,6,2,2,8,8,5,8,1,,,,,,2,0,2,6,5,1,4,1,6,1,6,3,4,1,2,2,2,,,,,,,,,,,,,,,,,,,,,,,,,,,,,,,,,,13,12,9,6,3,,,8,9,15,21,5,9,,,,19,,,,,,,,,11,,,,,,,,10,6,,,12,7,12,19,,16,13,,0,12,4,,12,,,15,24,24,,,10,,12,6,14,22,17,6,,,,,,,,,,,,,,,,,,,,,,,,,,,,,,,,,,,,,,,,,,,,,,,,,,,,,,,,,,,,,,,,,,,,,
9,3,5,5,5,4,7,3,5,5,4,4,2,2,5,5,22,6,5,5,5,7,2,7,0,2,7,5,4,6,1,4,4,5,11,5,5,5,2,6,6,4,5,4,4,3,4,10,6,2,2,4,2,3,0,3,6,0,3,0,0,0,0,0,0,0,0,0,0,0,0,0,0,0,0,0,0,0,0,0,,5,5,5,5,5,5,5,0,0,0,0,0,10,0,0,0,0,0,0,0,0,0,0,0,0,0,0,0,0,0,0,0,0,1,5,6,4,5,2,5,3,14,4,5,6,15,2,3,8,5,9,3,10,4,9,3,9,5,6,3,2,2,0,5,4,7,11,8,8,5,5,8,0,4,3,7,3,5,7,1,4,3,15,0,5,5,5,5,4,3,8,11,11,2,7,7,4,7,5,2,5,3,0,11,5,6,4,4,2,4,4,4,7,7,3,4,1,7,12,5,5,1,7,3,5,2,4,2,3,4,3,4,9,7,0,14,11,8,0,1,5,11,4,6,0,1,8,2,8,7,7,0,3,2,8,8,9,1,4,3,5,11,0,3,8,7,3,15,0,5,1,9,13,1,4,4,10,3,13,4,0,11,2,4,8,2,5,11,0,4,5,4,7,9,8,7,5,2,10,7,5,12,7,11,4,5,10,4,10,12,10,5,10,3,4,2,5,5,1,3,2,3,0,2,3,2,3,3,2,8,15,15,7,8,6,6,3,11,4,7,11,9,5,10,15,6,8,6,12,7,10,10,7,9,13,12,14,10,6,16,12,10,11,11,9,3,8,5,13,17,6,13,8,9,6,19,8,9,8,9,7,8,6,11,6,0,3,7,4,17,7,15,1,11,1,1,2,4,1,3,0,1,2,0,3,2,8,0,5,2,2,9,0,3,2,3,1,0,0,2,0,0,1,3,0,3,0,0,0,0,1,0,0,1,1,2,4,3,4,0,2,1,8,3,6,0,0,1,5,6,7,1,6,9,14,1,9,5,9,2,3,5,4,9,10,19,12,3,5,2,15,0,7,9,1,8,5,2,4,6,1,1,2,0,4,2,4,0,3,1,1,1,2,1,0,0,2,4,1,4,5,3,3,0,4,7,5,3,4,5,7,1,2,5,0,1,6,4,6,10,11,0,0,1,13,20,1,2,3,1,2,6,1,8,4,3,7,2,2,8,8,5,8,1,5,5,5,5,5,2,0,2,6,5,1,4,1,6,1,6,3,4,1,2,2,2,,,,,,,,,,,,,,,,,,,,,,,,,,,,,,,,,,,,,,,,,,,,,,,,,,,,,,,,,,,,,,,,,,,,,,,,,,,,,,,,,,,,,,,,,,,,,,,,,,,,2,0,0,9,0,0,0,0,0,1,0,2,7,0,3,0,4,2,0,0,2,5,5,5,1,5,2,0,0,0,5,0,0,2,1,5,5,2,0,5,4,5,2,1,5,4,0,5,1,5,0,0,5,2,3,1,0,2,2,1,2,5,1,5,2,5,5,5
10,3,5,5,5,4,7,3,5,5,4,4,2,2,5,5,22,6,5,5,5,7,2,7,0,2,7,5,4,6,1,4,4,5,11,5,5,5,2,6,6,4,5,4,4,3,4,10,6,2,2,4,2,3,0,3,6,0,3,0,0,0,0,0,0,0,0,0,0,0,0,0,0,0,0,0,0,0,0,0,,5,5,5,5,5,5,5,0,0,0,0,0,10,0,0,0,0,0,0,0,0,0,0,0,0,0,0,0,0,0,0,0,0,1,5,6,4,5,2,5,3,14,4,5,6,15,2,3,8,5,9,3,10,4,9,3,9,5,6,3,2,2,0,5,4,7,11,8,9,5,5,8,0,4,3,7,3,5,7,1,4,3,15,0,5,5,5,5,4,3,8,11,11,2,7,7,4,7,5,2,5,3,0,11,5,6,4,4,2,4,4,4,7,7,3,4,1,7,12,5,5,1,7,3,5,2,4,2,3,4,3,4,9,7,0,14,11,8,0,1,5,11,4,6,0,2,8,3,8,6,7,0,3,2,8,8,9,2,4,3,4,11,0,3,8,7,3,12,0,5,1,9,13,2,4,4,10,3,13,2,0,11,2,4,8,2,5,10,0,4,5,3,7,11,8,7,6,2,9,7,4,10,7,7,4,5,10,4,10,11,10,5,11,3,4,2,5,5,4,3,2,3,0,2,3,2,3,4,2,8,13,14,7,8,6,6,3,11,7,8,12,10,4,11,16,7,8,4,12,7,7,11,7,8,15,12,12,12,6,15,16,9,11,11,9,8,6,6,11,11,6,13,10,9,6,19,4,10,8,8,9,7,3,9,6,0,3,6,3,15,4,13,1,11,1,1,2,4,1,3,0,1,2,0,3,2,8,0,5,2,1,9,0,3,2,3,1,0,0,2,0,0,1,3,0,3,0,0,0,0,1,0,0,1,1,2,4,3,4,0,2,1,8,3,6,0,0,1,5,6,7,1,6,10,14,1,9,6,9,2,3,5,4,9,10,19,12,3,5,2,15,1,8,9,1,8,5,2,4,6,1,1,2,0,4,2,4,0,3,1,1,1,2,1,0,0,2,4,1,4,5,3,3,0,4,7,5,3,4,5,7,1,2,5,0,1,6,4,6,10,11,0,0,1,13,20,1,2,3,1,2,6,1,8,4,3,7,2,2,8,8,5,8,1,5,5,5,5,5,2,0,2,6,5,1,4,1,6,1,6,3,4,1,2,2,2,,,,,,,,,,,,,,,,,,,,,,,,,,,,,,,,,,10.5,12,8.5,7,7.5,,,8,10,15,21,4.5,9,,,,19,,,,,,,,,11,,,,,,,,5.5,5,,,12,7,15,7,,16,12.5,,3,12,4,,12,,,15,24,24,,,10,,13,7,14,21,18,6,0,2,0,0,18,0,0,0,0,0,1,0,2,7,0,3,0,2,1,0,0,2,5,5,5,1,5,1,0,1,0,5,0,0,3,2,5,5,2,0,5,4,4,2,1,5,3,0,5,1,5,0,0,5,2,3,1,0,1,2,1,2,5,0,5,1,5,5,5
11,3,5,5,5,4,7,3,5,5,4,4,2,2,5,5,22,6,5,5,5,7,2,7,0,2,7,5,4,6,1,4,4,5,11,5,5,5,2,6,6,4,5,4,4,3,4,10,6,2,2,4,2,3,0,3,6,0,3,0,0,0,0,0,0,0,0,0,0,0,0,0,0,0,0,0,0,0,0,0,,5,3,5,5,5,5,5,0,0,0,0,0,10,0,0,0,0,0,0,0,0,0,0,0,0,0,0,0,0,0,0,0,0,1,5,6,4,5,2,5,3,16,4,5,4,15,2,3,8,5,9,3,10,4,9,3,9,5,6,3,2,2,0,5,4,7,11,8,9,5,5,8,0,4,3,7,3,5,7,1,4,3,15,0,5,5,5,5,4,3,8,11,11,2,7,7,4,7,5,2,5,3,0,11,5,6,4,4,2,4,4,4,7,7,3,4,1,7,12,5,5,1,7,3,5,2,4,2,3,4,3,4,9,7,0,13,11,8,0,1,5,11,4,6,0,0,8,6,6,5,7,3,0,3,5,8,8,2,5,5,3,11,0,3,6,2,4,13,0,5,1,9,13,2,4,4,10,3,12,1,0,11,2,4,8,2,5,11,0,4,10,3,9,12,8,7,6,2,6,7,4,10,6,8,4,6,10,5,9,11,7,4,11,3,2,2,5,5,4,3,2,3,0,2,3,2,3,4,2,8,14,15,7,7,6,6,3,12,11,8,12,10,4,11,16,7,8,3,11,7,6,11,3,7,13,10,13,13,6,16,19,9,11,10,7,8,8,6,14,10,6,13,9,8,6,21,2,10,9,8,6,6,2,11,3,0,1,5,3,15,2,18,1,11,1,1,2,4,1,3,0,1,2,0,3,2,8,0,5,2,1,9,0,3,2,3,1,0,0,2,0,0,1,3,0,3,0,0,0,0,1,0,0,1,1,2,4,3,4,0,2,1,8,3,6,0,0,1,5,6,7,1,6,10,14,1,9,6,9,2,3,5,4,10,10,19,11,3,5,2,15,1,8,9,1,8,5,2,4,6,1,1,2,0,4,2,4,0,3,1,1,1,2,1,0,0,2,4,1,4,5,3,3,0,5,7,5,3,4,5,7,1,2,5,0,1,6,4,6,10,11,0,0,1,13,20,1,2,3,1,2,6,1,8,4,3,7,2,2,8,8,5,8,1,5,5,5,5,5,2,0,2,6,5,1,4,1,6,1,6,3,4,1,2,2,2,,,,,,,,,,,,,,,,,,,,,,,,,,,,,,,,,,8,12,8,8,8,,,8,10,15,20,4,9,,,,19,,,,,,,,,11,,,,,,,,3,7,,,12,7,15,7,,16,12,,6,12,4,,12,,,15,24,24,,,9,,11,7,14,21,16,6,,3,0,0,20,0,0,0,0,0,1,0,2,7,0,3,0,2,1,0,0,2,4,5,5,1,5,0,0,0,0,5,0,0,1,3,5,5,3,0,5,5,5,2,1,5,2,0,5,1,4,0,0,5,2,3,1,1,1,2,1,2,5,0,5,3,5,5,5
12,3,5,5,5,4,7,3,5,5,4,4,2,2,5,5,22,6,5,5,5,7,2,7,0,2,7,5,4,6,1,4,4,5,11,5,5,5,2,6,6,4,5,4,4,3,4,10,6,2,2,0,2,3,0,3,5,0,0,0,0,0,0,0,0,0,0,0,0,0,0,0,0,0,0,0,0,0,0,0,6,5,3,5,5,5,5,5,0,0,0,0,0,10,0,0,0,0,0,0,0,0,0,0,0,0,0,0,0,0,0,0,0,0,1,5,6,4,5,2,5,3,17,4,5,4,15,2,2,8,5,9,3,10,4,10,2,9,4,7,3,2,2,0,5,4,7,11,8,10,5,5,8,0,4,3,7,3,5,7,1,4,3,15,0,5,5,5,5,4,3,7,11,11,2,7,7,4,7,5,2,5,3,0,11,5,6,4,4,2,4,4,4,7,7,3,4,1,7,12,5,5,1,7,3,5,2,4,2,3,4,3,4,6,5,2,10,11,8,0,1,5,11,4,6,0,0,8,7,6,5,7,3,1,1,0,9,6,1,10,10,3,10,0,3,2,2,2,14,0,5,2,9,12,8,4,4,13,3,11,0,0,12,4,4,8,2,5,11,0,4,10,3,7,12,8,6,6,2,6,7,4,10,4,8,4,5,10,5,9,11,8,5,11,3,1,2,5,5,4,3,2,3,0,1,3,0,4,4,2,8,14,14,7,7,5,6,3,13,10,7,12,13,3,8,15,6,8,5,11,5,5,11,0,7,14,10,10,11,6,18,18,9,9,10,9,5,11,7,13,8,5,13,11,9,6,23,0,12,8,14,3,6,1,12,8,0,6,4,2,17,2,19,1,12,1,1,2,4,1,3,0,1,2,0,3,2,8,0,5,2,1,7,0,3,2,3,1,0,0,2,0,0,1,3,0,3,0,0,0,0,1,0,0,1,1,2,4,3,4,0,2,1,8,3,6,0,0,1,5,6,7,1,7,9,14,1,9,6,7,2,3,5,4,10,10,18,10,3,5,2,15,1,9,9,1,8,3,3,4,5,1,1,2,0,4,2,4,0,3,1,1,1,2,1,0,0,2,4,1,4,4,3,3,0,5,7,5,3,4,5,7,1,2,5,0,1,6,4,5,9,12,1,0,1,13,20,1,2,3,1,3,6,1,8,4,3,7,2,2,8,8,5,8,1,5,5,5,5,5,2,0,2,6,5,1,4,1,6,1,6,3,4,1,2,2,2,,,,,,,,,,,,,,,,,,,,,,,,,,,,,,,,,,8,12,10,8,6,,,8,10,15,20,4,9,,,,19,,,,,,,,,10,,,,,,,,2,8,,,12,10,17,15,,16,12,,6,12,4,,12,,,15,24,24,,,9,,10,7,13,23,17,6,,1,0,0,20,0,0,0,0,0,1,0,2,7,0,3,0,2,1,0,0,2,4,5,3,1,5,0,0,0,0,5,0,0,4,1,5,5,3,0,5,5,5,2,1,5,3,0,5,1,4,0,0,5,5,3,1,2,1,0,1,2,5,0,5,3,5,5,5
13,3,5,5,5,4,7,3,5,5,4,4,2,2,5,5,22,6,5,5,5,7,2,7,0,2,7,5,4,6,1,4,4,5,11,5,5,5,2,6,6,4,5,4,4,3,4,10,6,2,0,0,2,3,0,3,6,0,0,0,0,0,0,0,0,0,0,0,0,0,0,0,0,0,0,0,0,0,0,0,,5,3,5,5,5,5,5,0,0,0,0,0,10,0,0,0,0,0,0,0,0,0,0,0,0,0,0,0,0,0,0,0,0,1,6,5,4,5,2,5,3,17,4,4,4,16,2,0,9,5,8,3,10,5,10,2,9,4,7,3,2,3,1,4,4,8,11,8,10,5,5,8,1,4,2,7,3,5,5,1,4,3,15,0,5,5,5,5,4,3,6,10,11,2,8,7,4,7,5,2,5,3,0,11,5,6,4,4,2,3,4,4,7,7,3,4,1,7,12,5,5,1,7,3,5,2,4,2,3,4,3,4,3,3,1,3,7,8,0,0,5,10,4,6,0,5,8,7,6,3,7,3,0,1,1,6,7,0,4,10,3,6,0,3,0,0,2,7,0,5,3,9,11,13,4,0,19,4,10,2,0,7,11,4,8,2,5,6,0,4,10,3,7,12,8,7,6,2,7,7,4,11,3,8,4,5,10,4,8,9,8,4,11,2,1,1,4,5,4,3,2,3,0,1,3,0,4,4,0,8,13,18,7,4,6,6,1,12,12,3,13,14,2,12,11,5,8,6,11,5,4,12,8,5,14,15,12,9,6,13,10,11,9,9,12,3,11,5,12,7,3,13,13,8,6,21,4,12,8,10,6,7,1,13,6,0,5,4,5,15,5,24,4,9,1,1,2,2,1,3,0,1,2,0,3,2,8,0,5,2,1,7,0,2,2,3,1,0,0,2,0,0,1,3,0,3,0,0,0,0,1,0,0,1,1,2,4,3,4,0,2,1,8,3,6,0,0,1,5,6,7,2,7,9,15,2,6,7,7,3,4,4,4,10,10,20,9,2,4,0,15,1,8,8,1,7,3,3,5,5,1,1,2,0,4,2,4,0,3,1,1,1,2,1,0,0,2,4,1,4,4,3,3,0,5,7,5,3,4,5,6,1,2,5,0,1,6,4,5,10,12,1,0,1,13,6,6,2,3,1,3,6,0,8,4,3,7,2,2,8,8,5,8,1,5,5,5,5,5,2,0,2,6,6,1,4,0,6,1,6,3,4,1,2,2,2,,,,,,,,,,,,,,,,,,,,,,,,,,,,,,,,,,10,12,11,8,4,,,8,10,15,19,4,10,,,,19,,,,,,,,,11,,,,,,,,2,6,,,12,10,13,9,,16,12,,3,12,4,,12,,,15,24,24,,,9,,8,7,13,24,18,6,,,,,,,,,,,,,,,,,,,,,,,,5,3,1,5,0,0,0,0,5,0,0,0,0,5,5,4,0,5,5,5,2,1,5,5,0,5,1,5,0,0,5,1,3,0,5,0,2,1,2,5,0,4,5,5,5,5
14,4,5,5,5,3,7,3,5,5,4,4,2,2,5,5,18,6,5,5,5,7,2,7,0,2,7,5,4,6,0,4,4,5,11,5,5,5,2,6,5,4,5,4,4,3,4,10,6,2,0,0,0,3,0,0,0,0,0,0,0,0,0,0,0,0,0,0,0,0,0,0,0,0,0,0,0,0,0,0,,5,2,5,5,5,5,5,0,0,0,0,0,10,0,0,0,0,0,0,0,0,0,0,0,0,0,0,0,0,0,0,0,0,1,6,5,4,5,2,5,3,17,6,2,4,16,1,0,9,5,6,4,10,5,10,1,9,4,7,3,2,3,0,4,4,8,11,8,10,5,5,10,1,4,2,7,3,5,5,1,4,3,13,1,5,5,5,5,2,3,3,10,11,2,8,7,4,8,5,2,5,3,2,10,5,6,4,4,2,3,5,4,7,7,3,4,1,7,12,5,5,1,7,3,5,2,4,2,3,4,3,4,2,3,0,5,6,7,0,0,5,8,4,6,3,5,8,1,6,2,7,6,0,5,0,5,5,0,5,15,2,6,0,3,0,0,2,13,3,5,2,8,8,17,4,1,22,4,5,2,0,7,13,4,7,2,5,6,0,4,9,4,7,10,8,8,6,3,10,7,4,7,4,9,4,4,10,4,8,10,8,6,8,2,1,2,4,0,4,3,0,3,0,1,0,0,4,4,0,8,15,13,7,4,6,5,2,12,6,3,11,18,3,12,15,7,7,6,11,5,6,12,5,4,14,11,10,5,6,11,2,10,9,9,13,5,14,9,6,10,2,13,12,8,6,25,5,14,5,7,7,8,2,11,3,0,5,2,9,17,7,17,4,8,2,1,2,2,1,3,0,1,2,0,2,2,8,0,5,2,0,8,0,2,1,3,1,0,0,2,0,0,1,3,0,3,0,0,0,0,1,0,0,1,1,2,4,3,3,0,2,1,8,3,5,0,0,1,5,6,6,2,7,9,16,1,6,4,6,4,3,2,4,10,10,6,7,3,1,0,14,1,8,7,1,10,4,3,5,5,1,1,2,0,4,2,5,0,3,1,0,1,2,1,0,0,3,4,1,5,2,4,3,0,6,7,5,2,4,5,5,1,2,5,0,2,6,4,6,10,12,6,0,2,13,6,9,2,3,1,4,6,1,9,4,2,6,2,2,7,10,4,10,5,5,5,5,5,5,2,0,2,6,6,1,4,0,7,1,6,2,6,1,2,2,2,12,14,12,4,9,7,11,9,7,9,6,9,6,7,14,8,4,12,15,9,5,9,11,5,7,11,8,11,3,10,11,16,14,16,12,8,9,15,3,,8,14,15,20,4,9,12,9,8,19,,5,11,10,12,10,11,3,13,,7,6,9,4,6,,3,7,5,8,12,9,13,15,,16,12,2,4,12,8,12,12,,2,15,24,24,,10,9,,11,7,13,28,14,6,,0,0,0,18,0,0,0,0,0,1,0,2,6,0,3,0,2,3,0,0,2,4,5,3,1,5,1,0,0,0,5,0,0,0,0,5,5,4,1,5,3,5,5,1,5,5,0,5,1,5,0,0,5,2,3,0,2,0,0,1,2,5,0,4,4,5,5,5
15,4,5,5,5,3,7,3,5,5,4,4,2,2,5,5,19,6,5,5,5,7,2,7,0,2,7,5,4,6,0,4,5,3,11,5,5,5,2,6,6,4,5,4,4,3,4,10,6,2,0,0,0,0,0,0,0,0,0,0,0,0,0,0,0,0,0,0,0,0,0,0,0,0,0,0,0,0,0,0,,5,4,5,5,5,5,5,0,0,0,0,0,10,0,0,0,0,0,0,0,0,0,0,0,0,0,0,0,0,0,0,0,0,1,6,5,4,5,2,5,3,14,6,2,4,16,1,2,7,5,6,4,11,7,10,1,11,4,7,3,2,3,3,4,4,8,11,8,10,5,5,10,2,4,2,7,3,3,5,1,4,3,13,1,5,5,5,5,3,3,3,10,11,0,8,7,4,8,5,2,5,3,2,10,5,6,4,4,2,3,5,4,7,7,3,4,1,7,12,5,5,1,7,3,5,2,4,2,3,4,3,4,2,3,0,3,6,8,0,0,4,10,4,6,0,6,8,1,6,2,7,9,4,5,1,3,3,0,3,15,2,8,0,3,2,0,2,13,2,5,2,8,8,18,4,0,20,4,8,0,0,5,8,4,7,2,5,4,0,4,3,8,7,10,8,7,6,4,10,7,4,6,7,11,4,4,6,7,8,9,7,8,11,2,1,2,0,0,3,0,0,0,0,1,0,0,0,4,0,8,15,14,7,4,6,5,1,11,17,5,11,10,3,9,8,6,10,5,11,6,9,11,9,4,10,11,9,2,6,17,1,12,8,8,20,8,6,5,5,10,9,14,10,12,4,23,3,13,5,12,5,7,2,11,2,0,6,6,11,11,4,12,4,8,2,1,2,2,1,3,0,1,2,1,2,2,8,0,4,1,0,9,0,0,1,3,1,0,0,2,0,0,1,1,0,3,0,0,0,0,1,0,0,1,1,2,4,1,5,0,2,1,8,3,3,0,0,1,6,6,5,2,7,8,8,1,6,8,6,2,2,0,6,9,14,6,6,3,2,5,15,4,7,5,1,10,0,2,4,2,1,1,1,0,3,2,5,0,3,1,0,1,2,1,0,0,3,5,1,5,2,3,3,0,9,7,5,2,2,4,5,1,2,5,0,2,5,5,6,9,12,6,0,2,14,10,8,3,3,1,5,5,1,11,5,3,4,2,2,7,14,2,10,5,5,5,5,5,5,2,0,2,6,6,1,4,0,7,1,6,2,6,1,2,2,2,,,,,,,,,,,,,,,,,,,,,,,,,,,,,,,,,,19,12,8,9,11,,,8,14,15,22,8,12,,,,19,,,,,,,,,12,,,,,,,,5,7,,,12,9,19,33,,16,12,,5,12,7,,12,,,16,23,24,,,7,,12,8,17,31,19,6,,0,0,0,18,0,0,0,0,0,1,0,2,6,0,3,0,2,3,0,0,2,4,5,1,1,5,2,0,1,0,5,0,0,0,1,5,5,3,1,5,3,5,4,1,5,5,0,5,1,5,0,0,5,3,3,0,0,2,0,1,2,5,0,4,5,5,5,5
16,,,,,,,,,,,,,,,,,,,,,,,,,,,,,,,,,,,,,,,,,,,,,,,,,,,,,,,,,,,,,,,,,,,,,,,,,,,,,,,,,5,2,4,5,5,5,5,,,,,,,0,0,0,0,0,0,0,0,0,0,0,0,0,0,0,0,0,0,0,0,,,,,,,,,,,,,,,,,,,,,,,,,,,,,,,,,,,,,,,,,,,,,,,,,,,,,,,,,,,,,,,,,,,,,,,,,,,,,,,,,,,,,,,,,,,,,,,,,,,,,,,,,,,,,,,,,,,,,,,,,,,,,,,,,,,,,,,,,,,,,,,,,,,,,,,,,,,,,,,,,,,,,,,,,,,,,,,,,,,,,,,,,,,,,,,,,,,,,,9,13,8,4,6,5,2,9,10,4,11,2,4,13,6,6,10,8,12,5,9,11,12,3,10,6,8,0,6,16,5,11,5,9,20,4,11,6,7,12,11,15,11,12,4,18,2,11,6,17,4,7,2,13,3,0,6,4,12,8,7,11,7,9,,,,,,,,,,,,,,,,,,,,,,,,,,,,,,,,,,,,,,,,,,,,,,,,,,,,,,,,,,,,,,,,,,,,,,,,,,,,,,,,,,,,,,,,,,,,,,,,,,,,,,,,,,,,,,,,,,,,,,,,,,,,,,,,,,,,,,,,,,,,,,,,,,,,,,,5,5,5,4,5,,,,,,,,,,,,,,,,,,,,,,,,,,,,,,,,,,,,,,,,,,,,,,,,,,,,,,,,,,,,,,,,,,,,,,,,,,,,,,,,,,,,,,,,,,,,,,,,,,,,,,,,,,,,,,,,,,,,,4,0,0,15,0,0,0,0,0,1,0,2,4,0,3,0,2,3,0,0,2,2,5,0,2,5,2,0,2,2,5,1,2,1,2,5,1,3,2,3,2,4,5,0,5,1,0,5,0,3,0,0,5,5,2,2,1,0,0,1,2,5,0,5,5,5,5,4
17,,,,,,,,,,,,,,,,,,,,,,,,,,,,,,,,,,,,,,,,,,,,,,,,,,,,,,,,,,,,,,,,,,,,,,,,,,,,,,,,,,,,,,,,,,,,,,,,,,,,,,,,,,,,,,,,,,,,,,,,,,,,,,,,,,,,,,,,,,,,,,,,,,,,,,,,,,,,,,,,,,,,,,,,,,,,,,,,,,,,,,,,,,,,,,,,,,,,,,,,,,,,,,,,,,,,,,,,,,,,,,,,,,,,,,,,,,,,,,,,,,,,,,,,,,,,,,,,,,,,,,,,,,,,,,,,,,,,,,,,,,,,,,,,,,,,,,,,,,,,,,,,,,,,,,,,,,,,,,,,,,,,,,,,,,,,,,,,,,,,,,,,,,,,,,,,,,,,,,,,,,,,,,,,,,,,,,,,,,,,,,,,,,,,,,,,,,,,,,,,,,,,,,,,,,,,,,,,,,,,,,,,,,,,,,,,,,,,,,,,,,,,,,,,,,,,,,,,,,,,,,,,,,,,,,,,,,,,,,,,,,,,,,,,,,,,,,,,,,,,,,,,,,,,,,,,,,,,,,,,,,,,,,,,,,,,,,,,,,,,,,,,,,,,,,,,,,,,,,,,,,,,,,,,,,,,,,,,,,,,,,,,,,,,,,,,,,,,,,,,,,,,,,,,,,,,,,,,,,,,,,,,,,,,,,,,,,,,,,,,,,,,,,,,,,,,,,,,,,,,,,,,,,,,,,,,,,,,,,,,,,,,,,,,,,,,,,,,,,,,,,,,,,,,,,,,,